[
    {
        "name": "Biznumd",
        "account_type": "SAVINGS",
        "balance": 7500,
        "currency": "USD"
    },
    {
        "name": "Invstarted",
        "account_type": "CURRENT",
        "balance": 4300,
        "currency": "USD"
    },
    {
        "name": "Joshdash",
        "account_type": "SAVINGS",
        "balance": 8900,
        "currency": "GBP"
    },
    {
        "name": "sarah_green",
        "account_type": "CURRENT",
        "balance": 6100,
        "currency": "NGN"
    },
    {
        "name": "capeyright",
        "account_type": "SAVINGS",
        "balance": 7800,
        "currency": "EUR"
    },
    {
        "name": "lobey",
        "account_type": "CURRENT",
        "balance": 6800,
        "currency": "NGN"
    },
    {
        "name": "rela1",
        "account_type": "SAVINGS",
        "balance": 5900,
        "currency": "EUR"
    },
    {
        "name": "invest",
        "account_type": "CURRENT",
        "balance": 6300,
        "currency": "NGN"
    },
    {
        "name": "tedrey",
        "account_type": "SAVINGS",
        "balance": 7000,
        "currency": "GBP"
    },
    {
        "name": "Biz_Wine",
        "account_type": "CURRENT",
        "balance": 8200,
        "currency": "NGN"
    }
]
