[
    {
        "username": "user_123",
        "password": "pass1234",
        "first_name": "John",
        "last_name": "Smith",
        "email": "john@example.com",
        "address": "123 Main St",
        "city": "Anytown",
        "state": "CA",
        "country": "USA",
        "date_of_birth": "1990-05-12",
        "phone_number": "+123456789012"
    },
    {
        "username": "jane_doe",
        "password": "janedoe1",
        "first_name": "Jane",
        "last_name": "Doe",
        "email": "jane.doe@mail.com",
        "address": "456 Elm St",
        "city": "Springfield",
        "state": "IL",
        "country": "USA",
        "date_of_birth": "1985-08-27",
        "phone_number": "+198765432100"
    },
    {
        "username": "sara_johnson",
        "password": "saraj456",
        "first_name": "Sara",
        "last_name": "Johnson",
        "email": "sara.j@example.com",
        "address": "101 Pine Rd",
        "city": "Lakeside",
        "state": "FL",
        "country": "USA",
        "date_of_birth": "1995-03-18",
        "phone_number": "+155566677788"
    },
    {
        "username": "jdoe",
        "password": "jdoe1234",
        "first_name": "James",
        "last_name": "Doe",
        "email": "j.doe@example.com",
        "address": "202 Maple St",
        "city": "Riverdale",
        "state": "NY",
        "country": "USA",
        "date_of_birth": "1983-11-30",
        "phone_number": "+120987654321"
    },
    {
        "username": "emily_white",
        "password": "emily123",
        "first_name": "Emily",
        "last_name": "White",
        "email": "emily.white@mail.com",
        "address": "303 Walnut Ave",
        "city": "Hillcrest",
        "state": "WA",
        "country": "USA",
        "date_of_birth": "1992-07-25",
        "phone_number": "+166666666666"
    },
    {
        "username": "jason_green",
        "password": "jasong123",
        "first_name": "Jason",
        "last_name": "Green",
        "email": "j.green@example.com",
        "address": "404 Cedar St",
        "city": "Woodville",
        "state": "OR",
        "country": "USA",
        "date_of_birth": "1980-09-08",
        "phone_number": "+177777777777"
    },
    {
        "username": "anna_brown",
        "password": "annab789",
        "first_name": "Anna",
        "last_name": "Brown",
        "email": "a.brown@mail.com",
        "address": "505 Pineapple Rd",
        "city": "Beachville",
        "state": "CA",
        "country": "USA",
        "date_of_birth": "1987-04-15",
        "phone_number": "+188888888888"
    },
    {
        "username": "max_miller",
        "password": "maxm1234",
        "first_name": "Max",
        "last_name": "Miller",
        "email": "max.miller@example.com",
        "address": "606 Oakwood Dr",
        "city": "Mountainview",
        "state": "CO",
        "country": "USA",
        "date_of_birth": "1998-01-22",
        "phone_number": "+199999999999"
    },
    {
        "username": "lisa_wilson",
        "password": "lisaw123",
        "first_name": "Lisa",
        "last_name": "Wilson",
        "email": "lisa.w@example.com",
        "address": "707 Cherry Ln",
        "city": "Riverside",
        "state": "TX",
        "country": "USA",
        "date_of_birth": "1993-06-10",
        "phone_number": "+177788899900"
    }
]